{
  "metadata": [
    {
      "src": [
        {
          "files": [
            "Libplanet/Libplanet.csproj"
          ],
          "exclude": ["**/bin/**", "**/obj/**"],
          "src": "../"
        }
      ],
      "dest": "api",
      "disableGitFeatures": false,
      "disableDefaultFilter": false,
      "properties": {
        "TargetFramework": "netstandard2.0"
      }
    }
  ],
  "build": {
    "content": [
      {
        "files": [
          "api/**.yml",
          "api/index.md"
        ]
      },
      {
        "files": [
          "articles/**.md",
          "articles/**/toc.yml",
          "toc.yml",
          "*.md"
        ]
      },
      {
        "src": "../Libplanet.Analyzers",
        "dest": "analyzer",
        "files": [
          "*.md",
          "rules/*.md"
        ]
      },
      {
        "src": "../Libplanet.Tools",
        "dest": "cli",
        "files": [
          "*.md"
        ]
      },
      {
        "src": "../",
        "files": [
          "CHANGES.md",
          "CONTRIBUTING.md",
          "RELEASE.md"
        ]
      }
    ],
    "resource": [
      {
        "files": [
          "images/**"
        ]
      }
    ],
    "overwrite": [
      {
        "files": [
          "apidoc/**.md"
        ],
        "exclude": [
          "obj/**",
          "_site/**"
        ]
      }
    ],
    "xrefService": [
      "https://xref.docs.microsoft.com/query?uid={uid}"
    ],
    "dest": "_site",
    "globalMetadata": {
      "_appTitle": "Libplanet",
      "_appLogoPath": "images/logo.svg",
      "_appFaviconPath": "images/favicon.ico",
      "_appFooter": "Copyright © 2019\u20132020 <a href=\"https://planetariumhq.com/\">Planetarium</a>"
    },
    "globalMetadataFiles": [],
    "fileMetadataFiles": [],

    "template": ["default"],
    // "statictoc" has a bug that relative links with nested dirs in nav refer to incorrect destinations

    "theme": ["theme"],
    "postProcessors": [],
    "markdownEngineName": "markdig",
    "noLangKeyword": false,
    "keepFileLink": false,
    "cleanupCacheHistory": false,
    "disableGitFeatures": false
  }
}
